parameter,mean_D0,mean_N1,p
transitivity,0.062319624819624816,0.17118493232204873,3.6988795743768306e-6
degree,2.3820224719101124,3.7401960784313726,8.197892043585058e-9
closeness,1.2866699146900823e-4,1.0691568282059113e-4,0.9879415470519783
eigen_centrality,0.04769778158239689,0.04323887886845159,2.820120159098038e-4
betweenness,144735.88999993965,106376.92930129974,7.073910612299706e-5
page_rank,0.002566419639603921,0.0016385398928585103,5.97694037998668e-4
