parameter,mean_D0,mean_N0,p
transitivity,0.062319624819624816,0.01553113553113553,3.6338297497968877e-4
degree,2.3820224719101124,2.0861244019138754,0.0063358978512527515
closeness,1.2866699146900823e-4,2.2508946458465334e-5,1.3386219025249337e-9
eigen_centrality,0.04769778158239689,0.0024032189162005125,0.0436171515974855
betweenness,144735.88999993965,252735.17885445157,6.903891376959466e-7
page_rank,0.002566419639603921,0.0012551747901221521,5.9565382956193185e-9
