parameter,mean_D1,mean_N1,p
transitivity,0.24844294975503148,0.17118493232204873,2.0889939350801114e-4
degree,4.317365269461078,3.7401960784313726,0.0016040699576573617
closeness,2.285035759779416e-4,1.0691568282059113e-4,2.0896506827665815e-11
eigen_centrality,0.05375352865411253,0.04323887886845159,0.01337955675039651
betweenness,44404.35012641225,106376.92930129974,5.109077678639208e-4
page_rank,0.002397244785450317,0.0016385398928585103,1.4361220577722465e-11
