parameter,mean_D,mean_N,p
transitivity,0.062319624819624816,0.24844294975503148,8.728830123498466e-7
degree,2.3820224719101124,4.317365269461078,2.5623122662853465e-5
closeness,1.2866699146900823e-4,2.285035759779416e-4,1.9519427163220552e-20
eigen_centrality,0.04769778158239689,0.05375352865411253,7.65707393252717e-4
betweenness,144735.88999993965,44404.35012641225,7.183735919909723e-10
page_rank,0.002566419639603921,0.002397244785450317,3.333175803940164e-20
