parameter,mean_Disease_PTM,mean_Normal_PTM,p
transitivity,0.11701410662630056,0.110601119199837,0.28971277060502965
degree,3.1425161950221616,3.094508778483377,0.36531223132400603
closeness,8.44254015824613e-5,7.396647120369854e-5,0.047779833229796724
eigen_centrality,0.029423510373955897,0.027298174852724143,0.4722241012185182
betweenness,156158.34681340898,163509.6789400908,0.18803289634811327
page_rank,0.0015733058260885406,0.0014888885920144705,0.0491724057392449
