parameter,mean_Disorder_PTM,mean_Structure_PTM,p
transitivity,0.17835674383472697,0.019181301362152424,5.183402167647617e-94
degree,3.7937743190661477,2.109347442680776,6.049451565941675e-115
closeness,1.1820260786632628e-4,3.084057432966314e-5,3.111175262972139e-71
eigen_centrality,0.04421494696973307,0.005958083181889646,2.3507112972857064e-56
betweenness,100624.05508106282,244259.0441912668,4.965802833665914e-117
page_rank,0.0017089699746054984,0.0013580855410955889,5.667650742124637e-17
