parameter,mean_Disorder,mean_Structure,p
transitivity,0.023893516468069153,0.20074598722728745,0
degree,2.1549157211254673,4.322045309186387,0
closeness,2.570227579510283e-5,9.353997756253121e-5,0
eigen_centrality,0.004477712845408276,0.05868602686857616,0
betweenness,196797.469800018,64212.01590465422,0
page_rank,0.0013223312439924176,0.0016467232558462247,5.2912232864739996e-244
