parameter,mean_N0,mean_N1,p
transitivity,0.01553113553113553,0.17118493232204873,7.729673279930516e-86
degree,2.0861244019138754,3.7401960784313726,1.0311646606739572e-104
closeness,2.2508946458465334e-5,1.0691568282059113e-4,5.234019068570007e-67
eigen_centrality,0.0024032189162005125,0.04323887886845159,5.660926717380964e-52
betweenness,252735.17885445157,106376.92930129974,3.079713500237165e-108
page_rank,0.0012551747901221521,0.0016385398928585103,3.4349011038130205e-16
