parameter,mean_D0,mean_N0,p
degree,0.48314606741573035,0.09760765550239234,4.8172860261474256e-4
closeness,1.896397761338898e-5,2.8806933697856893e-6,4.6974447721831495e-9
eigen_centrality,0.0194005675114192,0.0015359827376720486,0.6217345039759249
betweenness,181.74500620860317,6.807032502477573,0.030519629576350474
page_rank,0.0014360336413527066,6.309018122202586e-4,1.1972583393800979e-4
