parameter,mean_D1,mean_N1,p
degree,2.4191616766467066,1.8357843137254901,0.0021676317644599274
closeness,2.8835396687780153e-5,1.1187137370754959e-5,9.954018461110954e-13
eigen_centrality,0.040529841227623514,0.03519260623127008,0.0217342561700395
betweenness,208.64459594538724,114.84628767379945,8.03415306715727e-4
page_rank,0.002292625074354743,0.0015958556705424182,5.922166602282697e-5
