parameter,mean_D0,mean_D1,p
degree,0.48314606741573035,2.4191616766467066,1.3310751838818632e-10
closeness,1.896397761338898e-5,2.8835396687780153e-5,0.015768102243730674
eigen_centrality,0.0194005675114192,0.040529841227623514,1.640252743809948e-4
betweenness,181.74500620860317,208.64459594538724,1.1601668634973056e-9
page_rank,0.0014360336413527066,0.002292625074354743,0.0030571639713054587
