parameter,mean_D0,mean_N1,p
degree,0.48314606741573035,1.8357843137254901,5.106945620743828e-8
closeness,1.896397761338898e-5,1.1187137370754959e-5,0.049336843833343386
eigen_centrality,0.0194005675114192,0.03519260623127008,0.0073017766657527804
betweenness,181.74500620860317,114.84628767379945,6.631456498835604e-7
page_rank,0.0014360336413527066,0.0015958556705424182,0.734744387055495
