parameter,mean_D1,mean_N0,p
degree,2.4191616766467066,0.09760765550239234,6.477189173559316e-89
closeness,2.8835396687780153e-5,2.8806933697856893e-6,6.869443751904501e-35
eigen_centrality,0.040529841227623514,0.0015359827376720486,2.492900653578466e-12
betweenness,208.64459594538724,6.807032502477573,4.989539877130709e-74
page_rank,0.002292625074354743,6.309018122202586e-4,1.92538376735876e-21
