parameter,mean_N0,mean_N1,p
degree,0.09760765550239234,1.8357843137254901,9.92202605294801e-104
closeness,2.8806933697856893e-6,1.1187137370754959e-5,2.3391645717929935e-36
eigen_centrality,0.0015359827376720486,0.03519260623127008,1.4518862940805529e-19
betweenness,6.807032502477573,114.84628767379945,5.228705821136395e-76
page_rank,6.309018122202586e-4,0.0015958556705424182,1.928067768164425e-27
