parameter,mean_D0,mean_D1,p
transitivity,0.062319624819624816,0.24844294975503148,2.6152118270022555e-9
degree,2.3820224719101124,4.317365269461078,1.8279605480791728e-11
closeness,1.2866699146900823e-4,2.285035759779416e-4,9.028682553415222e-5
eigen_centrality,0.04769778158239689,0.05375352865411253,1.810006651728545e-5
betweenness,144735.88999993965,44404.35012641225,3.2895187424934927e-9
page_rank,0.002566419639603921,0.002397244785450317,0.4391189141714637
