parameter,mean_D1,mean_N0,p
transitivity,0.24844294975503148,0.01553113553113553,6.476682350690733e-85
degree,4.317365269461078,2.0861244019138754,5.525021416600397e-89
closeness,2.285035759779416e-4,2.2508946458465334e-5,6.96256186312708e-45
eigen_centrality,0.05375352865411253,0.0024032189162005125,6.919936974065111e-20
betweenness,44404.35012641225,252735.17885445157,9.750574934349545e-48
page_rank,0.002397244785450317,0.0012551747901221521,1.0557223167297213e-24
